cca2,Counrty,pop2022,pop2020,pop2050,pop2030,pop2015,pop2010,pop2000,pop1990,pop1980,pop1970,area,Density,GrowthRate,WorldPercentage,rank
CN,China,1425887 ,1424930 ,1312636 ,1415606 ,1393715 ,1348191 ,1264099 ,1153704 ,982372 ,822534 ,9706961 ,147 ,1 ,0 ,1
IN,India,1417173 ,1396387 ,1670491 ,1514994 ,1322867 ,1240614 ,1059634 ,870452 ,696828 ,557501 ,3287590 ,431 ,1 ,0 ,2
US,United States,338290 ,335942 ,375392 ,352162 ,324608 ,311183 ,282399 ,248084 ,223140 ,200328 ,9372610 ,36 ,1 ,0 ,3
ID,Indonesia,275501 ,271858 ,317225 ,292150 ,259092 ,244016 ,214072 ,182160 ,148177 ,115228 ,1904569 ,145 ,1 ,0 ,4
PK,Pakistan,235825 ,227197 ,367808 ,274030 ,210969 ,194454 ,154370 ,115414 ,80624 ,59291 ,881912 ,267 ,1 ,0 ,5
NG,Nigeria,218541 ,208327 ,377460 ,262580 ,183996 ,160953 ,122852 ,95214 ,72951 ,55569 ,923768 ,237 ,1 ,0 ,6
BR,Brazil,215313 ,213196 ,230886 ,223909 ,205188 ,196353 ,175874 ,150706 ,122288 ,96370 ,8515767 ,25 ,1 ,0 ,7
BD,Bangladesh,171186 ,167421 ,203905 ,184424 ,157830 ,148391 ,129193 ,107148 ,83930 ,67542 ,147570 ,1160 ,1 ,0 ,8
RU,Russia,144713 ,145617 ,133133 ,141433 ,144668 ,143243 ,146845 ,148006 ,138257 ,130093 ,17098242 ,8 ,1 ,0 ,9
MX,Mexico,127504 ,125998 ,143772 ,134534 ,120150 ,112532 ,97873 ,81720 ,67705 ,50289 ,1964375 ,65 ,1 ,0 ,10
JP,Japan,123952 ,125245 ,103784 ,118515 ,127251 ,128105 ,126804 ,123686 ,117624 ,105417 ,377930 ,328 ,1 ,0 ,11
ET,Ethiopia,123380 ,117191 ,214812 ,149296 ,102472 ,89238 ,67032 ,47878 ,34945 ,28308 ,1104300 ,112 ,1 ,0 ,12
PH,Philippines,115559 ,112191 ,157892 ,129453 ,103031 ,94637 ,77958 ,61559 ,48420 ,37436 ,342353 ,338 ,1 ,0 ,13
EG,Egypt,110990 ,107465 ,160340 ,125152 ,97724 ,87252 ,71371 ,57215 ,43749 ,34782 ,1002450 ,111 ,1 ,0 ,14
CD,DR Congo,99010 ,92853 ,217494 ,127582 ,78657 ,66391 ,48616 ,35988 ,26709 ,20152 ,2344858 ,42 ,1 ,0 ,15
VN,Vietnam,98187 ,96649 ,107013 ,102700 ,92191 ,87411 ,79001 ,66913 ,52968 ,41929 ,331212 ,296 ,1 ,0 ,16
IR,Iran,88551 ,87290 ,99007 ,92921 ,81791 ,75374 ,65544 ,55794 ,38521 ,28450 ,1648195 ,54 ,1 ,0 ,17
TR,Turkey,85341 ,84135 ,95829 ,88880 ,79646 ,73195 ,64114 ,54324 ,44089 ,35541 ,783562 ,109 ,1 ,0 ,18
DE,Germany,83370 ,83329 ,78932 ,82763 ,82073 ,81325 ,81552 ,79370 ,77787 ,78295 ,357114 ,233 ,1 ,0 ,19
TH,Thailand,71697 ,71476 ,67880 ,72060 ,70294 ,68270 ,63067 ,55228 ,45738 ,35792 ,513120 ,140 ,1 ,0 ,20
GB,United Kingdom,67509 ,67059 ,71685 ,69176 ,65224 ,62760 ,58850 ,57210 ,56326 ,55650 ,242900 ,278 ,1 ,0 ,21
TZ,Tanzania,65498 ,61705 ,129932 ,81885 ,52543 ,45111 ,34464 ,26206 ,19298 ,13618 ,945087 ,69 ,1 ,0 ,22
FR,France,64627 ,64480 ,65827 ,65543 ,63810 ,62445 ,58665 ,56413 ,53714 ,50524 ,551695 ,117 ,1 ,0 ,23
ZA,South Africa,59894 ,58802 ,73530 ,64659 ,55877 ,51785 ,46813 ,39878 ,29464 ,22368 ,1221037 ,49 ,1 ,0 ,24
IT,Italy,59037 ,59501 ,52250 ,57544 ,60233 ,59822 ,56966 ,56757 ,56329 ,53324 ,301336 ,196 ,1 ,0 ,25
MM,Myanmar,54179 ,53423 ,59929 ,56988 ,51484 ,49391 ,45538 ,40100 ,33466 ,27284 ,676578 ,80 ,1 ,0 ,26
KE,Kenya,54027 ,51986 ,85212 ,63104 ,46851 ,41518 ,30852 ,23162 ,16187 ,11473 ,580367 ,93 ,1 ,0 ,27
CO,Colombia,51874 ,50931 ,56988 ,54130 ,47120 ,44816 ,39215 ,32601 ,26176 ,20905 ,1141748 ,45 ,1 ,0 ,28
KR,South Korea,51816 ,51845 ,45771 ,51290 ,50994 ,48813 ,46789 ,44120 ,38171 ,32601 ,100210 ,517 ,1 ,0 ,29
ES,Spain,47559 ,47364 ,44220 ,47077 ,46431 ,46573 ,40742 ,38890 ,37492 ,33793 ,505992 ,94 ,1 ,0 ,30
UG,Uganda,47250 ,44405 ,87622 ,58380 ,37477 ,32342 ,24021 ,17587 ,13284 ,10317 ,241550 ,196 ,1 ,0 ,31
SD,Sudan,46874 ,44440 ,84494 ,56997 ,38171 ,33740 ,26299 ,21091 ,16674 ,11305 ,1886068 ,25 ,1 ,0 ,32
AR,Argentina,45510 ,45036 ,51621 ,47679 ,43257 ,41100 ,37071 ,32638 ,28025 ,23843 ,2780400 ,16 ,1 ,0 ,33
DZ,Algeria,44903 ,43452 ,60001 ,49787 ,39543 ,35856 ,30775 ,25518 ,18739 ,13796 ,2381741 ,19 ,1 ,0 ,34
IQ,Iraq,44496 ,42557 ,74515 ,52801 ,37758 ,31265 ,24629 ,17658 ,13653 ,9811 ,438317 ,102 ,1 ,0 ,35
AF,Afghanistan,41129 ,38972 ,74075 ,50331 ,33753 ,28190 ,19543 ,10695 ,12487 ,10753 ,652230 ,63 ,1 ,0 ,36
PL,Poland,39857 ,38428 ,34932 ,38701 ,38553 ,38597 ,38504 ,38064 ,35521 ,32483 ,312679 ,127 ,1 ,0 ,37
UA,Ukraine,39702 ,43910 ,32868 ,38295 ,44983 ,45683 ,48880 ,51590 ,49974 ,47279 ,603500 ,66 ,1 ,0 ,38
CA,Canada,38454 ,37889 ,45891 ,41009 ,35732 ,33963 ,30683 ,27657 ,24512 ,21435 ,9984670 ,4 ,1 ,0 ,39
MA,Morocco,37458 ,36689 ,45045 ,40226 ,34680 ,32465 ,28554 ,24571 ,19678 ,15274 ,446550 ,84 ,1 ,0 ,40
SA,Saudi Arabia,36409 ,35997 ,48375 ,40461 ,32750 ,29412 ,21547 ,16005 ,10172 ,6106 ,2149690 ,17 ,1 ,0 ,41
AO,Angola,35589 ,33428 ,72328 ,44912 ,28128 ,23364 ,16394 ,11829 ,8330 ,6030 ,1246700 ,29 ,1 ,0 ,42
UZ,Uzbekistan,34628 ,33527 ,45593 ,38313 ,30949 ,28614 ,24926 ,20579 ,15947 ,12011 ,447400 ,77 ,1 ,0 ,43
PE,Peru,34050 ,33305 ,42023 ,36702 ,30712 ,29230 ,26654 ,22109 ,17492 ,13562 ,1285216 ,26 ,1 ,0 ,44
MY,Malaysia,33938 ,33200 ,41032 ,36688 ,31069 ,28718 ,22945 ,17517 ,13216 ,10307 ,330803 ,103 ,1 ,0 ,45
YE,Yemen,33697 ,32284 ,55296 ,39923 ,28517 ,24744 ,18629 ,13375 ,9205 ,6844 ,527968 ,64 ,1 ,0 ,46
GH,Ghana,33476 ,32180 ,52232 ,38776 ,28871 ,25575 ,19666 ,15447 ,11865 ,8862 ,238533 ,140 ,1 ,0 ,47
MZ,Mozambique,32970 ,31178 ,63044 ,40921 ,26843 ,23074 ,17769 ,13303 ,11414 ,8412 ,801590 ,41 ,1 ,0 ,48
NP,Nepal,30548 ,29349 ,37401 ,33133 ,27610 ,27162 ,24560 ,19617 ,15600 ,12501 ,147181 ,208 ,1 ,0 ,49
MG,Madagascar,29612 ,28225 ,51593 ,35604 ,24851 ,21731 ,16216 ,11883 ,8948 ,6640 ,587041 ,50 ,1 ,0 ,50
VE,Venezuela,28302 ,28490 ,35937 ,32027 ,30530 ,28715 ,24428 ,19751 ,15210 ,11355 ,916445 ,31 ,1 ,0 ,51
CI,Ivory Coast,28161 ,26812 ,51358 ,34211 ,23597 ,21120 ,16800 ,11911 ,8304 ,5477 ,322463 ,87 ,1 ,0 ,52
CM,Cameroon,27915 ,26491 ,51280 ,34051 ,23013 ,19878 ,15092 ,11431 ,8520 ,6453 ,475442 ,59 ,1 ,0 ,53
NE,Niger,26208 ,24334 ,67043 ,35218 ,20128 ,16648 ,11623 ,8371 ,6173 ,4670 ,1267000 ,21 ,1 ,0 ,54
AU,Australia,26177 ,25670 ,32193 ,28202 ,23820 ,22019 ,19018 ,17048 ,14706 ,12595 ,7692024 ,3 ,1 ,0 ,55
KP,North Korea,26069 ,25867 ,25807 ,26569 ,25258 ,24686 ,23367 ,20800 ,17974 ,14997 ,120538 ,216 ,1 ,0 ,56
TW,Taiwan,23893 ,23821 ,22446 ,24028 ,23512 ,23083 ,22195 ,20586 ,18100 ,14958 ,36193 ,660 ,1 ,0 ,57
BF,Burkina Faso,22674 ,21523 ,40542 ,27524 ,18718 ,16117 ,11883 ,9131 ,6933 ,5612 ,272967 ,83 ,1 ,0 ,58
ML,Mali,22594 ,21224 ,47440 ,28712 ,18113 ,15529 ,11239 ,8945 ,7373 ,6154 ,1240192 ,18 ,1 ,0 ,59
SY,Syria,22125 ,20773 ,38306 ,29825 ,19205 ,22338 ,16308 ,12409 ,8899 ,6319 ,185180 ,119 ,1 ,0 ,60
LK,Sri Lanka,21832 ,21715 ,21815 ,22187 ,21337 ,20669 ,18776 ,17204 ,14944 ,12389 ,65610 ,333 ,1 ,0 ,61
MW,Malawi,20405 ,19377 ,37159 ,24944 ,16939 ,14718 ,11229 ,9540 ,6267 ,4625 ,118484 ,172 ,1 ,0 ,62
ZM,Zambia,20018 ,18928 ,37460 ,24676 ,16248 ,13792 ,9891 ,7686 ,5720 ,4282 ,752612 ,27 ,1 ,0 ,63
RO,Romania,19659 ,19442 ,17457 ,19023 ,19906 ,20335 ,21920 ,22836 ,22125 ,19923 ,238391 ,82 ,1 ,0 ,64
CL,Chile,19604 ,19300 ,20675 ,19934 ,17870 ,17004 ,15352 ,13343 ,11470 ,9820 ,756102 ,26 ,1 ,0 ,65
KZ,Kazakhstan,19398 ,18979 ,25610 ,21128 ,17836 ,16628 ,15236 ,16867 ,14173 ,12265 ,2724900 ,7 ,1 ,0 ,66
EC,Ecuador,18001 ,17589 ,22270 ,19487 ,16196 ,14990 ,12627 ,10450 ,8136 ,6172 ,276841 ,65 ,1 ,0 ,67
GT,Guatemala,17844 ,17363 ,24601 ,20004 ,16001 ,14543 ,11736 ,9085 ,6988 ,5453 ,108889 ,164 ,1 ,0 ,68
TD,Chad,17723 ,16645 ,36452 ,22460 ,14140 ,11895 ,8259 ,5827 ,4408 ,3667 ,1284000 ,14 ,1 ,0 ,69
SO,Somalia,17598 ,16537 ,36463 ,22317 ,13764 ,12027 ,8721 ,6999 ,5892 ,3721 ,637657 ,28 ,1 ,0 ,70
NL,Netherlands,17564 ,17435 ,17897 ,17944 ,17041 ,16617 ,15899 ,14945 ,14130 ,13038 ,41850 ,420 ,1 ,0 ,71
SN,Senegal,17316 ,16436 ,32563 ,21126 ,14356 ,12530 ,9704 ,7536 ,5704 ,4368 ,196722 ,88 ,1 ,0 ,72
KH,Cambodia,16768 ,16397 ,20258 ,18084 ,15418 ,14364 ,12119 ,8911 ,6199 ,6709 ,181035 ,93 ,1 ,0 ,73
ZW,Zimbabwe,16321 ,15670 ,26439 ,19179 ,14155 ,12840 ,11835 ,10114 ,7050 ,5203 ,390757 ,42 ,1 ,0 ,74
GN,Guinea,13859 ,13205 ,23712 ,16622 ,11626 ,10271 ,8337 ,6354 ,4973 ,4222 ,245857 ,56 ,1 ,0 ,75
RW,Rwanda,13777 ,13146 ,23030 ,16376 ,11643 ,10309 ,8110 ,7320 ,5248 ,3896 ,26338 ,523 ,1 ,0 ,76
BJ,Benin,13353 ,12643 ,25264 ,16394 ,10933 ,9446 ,6998 ,5133 ,3834 ,3023 ,112622 ,119 ,1 ,0 ,77
BI,Burundi,12890 ,12220 ,24209 ,15801 ,10727 ,9127 ,6308 ,5484 ,4313 ,3498 ,27834 ,463 ,1 ,0 ,78
TN,Tunisia,12356 ,12162 ,14316 ,13101 ,11558 ,10895 ,9893 ,8440 ,6578 ,5047 ,163610 ,76 ,1 ,0 ,79
BO,Bolivia,12224 ,11936 ,16610 ,13626 ,11090 ,10223 ,8593 ,7096 ,5736 ,4586 ,1098581 ,11 ,1 ,0 ,80
BE,Belgium,11656 ,11562 ,12091 ,11873 ,11248 ,10878 ,10264 ,9960 ,9829 ,9629 ,30528 ,382 ,1 ,0 ,81
HT,Haiti,11585 ,11307 ,15088 ,12700 ,10564 ,9843 ,8360 ,6925 ,5647 ,4681 ,27750 ,417 ,1 ,0 ,82
JO,Jordan,11286 ,10929 ,15006 ,11933 ,9494 ,6931 ,5056 ,3481 ,2217 ,1557 ,89342 ,126 ,1 ,0 ,83
DO,Dominican Republic,11229 ,11000 ,13181 ,11983 ,10406 ,9776 ,8541 ,7129 ,5756 ,4476 ,48671 ,231 ,1 ,0 ,84
CU,Cuba,11212 ,11301 ,10028 ,11016 ,11340 ,11290 ,11106 ,10627 ,9809 ,8870 ,109884 ,102 ,1 ,0 ,85
SS,South Sudan,10913 ,10606 ,17461 ,12570 ,11194 ,9714 ,6114 ,4751 ,4192 ,3342 ,619745 ,18 ,1 ,0 ,86
SE,Sweden,10549 ,10369 ,11902 ,11007 ,9849 ,9382 ,8871 ,8548 ,8312 ,8028 ,450295 ,23 ,1 ,0 ,87
CZ,Czech Republic,10494 ,10531 ,10577 ,10515 ,10524 ,10465 ,10235 ,10301 ,10270 ,9796 ,78865 ,133 ,1 ,0 ,88
HN,Honduras,10433 ,10122 ,14259 ,11725 ,9295 ,8451 ,6657 ,5053 ,3778 ,2783 ,112492 ,93 ,1 ,0 ,89
GR,Greece,10385 ,10512 ,9145 ,10060 ,10807 ,11034 ,11038 ,10302 ,9307 ,8545 ,131990 ,79 ,1 ,0 ,90
AZ,Azerbaijan,10358 ,10285 ,10867 ,10711 ,9863 ,9237 ,8190 ,7428 ,6383 ,5425 ,86600 ,120 ,1 ,0 ,91
PT,Portugal,10271 ,10298 ,9261 ,10062 ,10365 ,10588 ,10301 ,10007 ,9785 ,8684 ,92090 ,112 ,1 ,0 ,92
PG,Papua New Guinea,10143 ,9750 ,14910 ,11615 ,8682 ,7583 ,5508 ,3865 ,3105 ,2489 ,462840 ,22 ,1 ,0 ,93
HU,Hungary,9967 ,9751 ,8817 ,9643 ,9844 ,9987 ,10202 ,10376 ,10699 ,10315 ,93028 ,107 ,1 ,0 ,94
TJ,Tajikistan,9953 ,9543 ,15201 ,11421 ,8524 ,7622 ,6273 ,5418 ,4046 ,2993 ,143100 ,70 ,1 ,0 ,95
BY,Belarus,9535 ,9634 ,8410 ,9206 ,9701 ,9731 ,10256 ,10429 ,9817 ,9171 ,207600 ,46 ,1 ,0 ,96
AE,United Arab Emirates,9441 ,9287 ,11449 ,10004 ,8917 ,8482 ,3275 ,1900 ,1014 ,298 ,83600 ,113 ,1 ,0 ,97
IL,Israel,9038 ,8757 ,12992 ,10135 ,8008 ,7328 ,6117 ,4803 ,3745 ,2907 ,20770 ,435 ,1 ,0 ,98
AT,Austria,8940 ,8908 ,8924 ,9055 ,8642 ,8363 ,8010 ,7679 ,7548 ,7465 ,83871 ,107 ,1 ,0 ,99
TG,Togo,8849 ,8443 ,15479 ,10558 ,7473 ,6572 ,5008 ,3876 ,2838 ,2197 ,56785 ,156 ,1 ,0 ,100
CH,Switzerland,8740 ,8639 ,9754 ,9144 ,8282 ,7822 ,7182 ,6712 ,6319 ,6181 ,41284 ,212 ,1 ,0 ,101
SL,Sierra Leone,8606 ,8234 ,13595 ,10105 ,7315 ,6437 ,4584 ,4325 ,3367 ,2779 ,71740 ,120 ,1 ,0 ,102
LA,Laos,7529 ,7319 ,9776 ,8321 ,6787 ,6323 ,5431 ,4314 ,3298 ,2675 ,236800 ,32 ,1 ,0 ,103
HK,Hong Kong,7489 ,7501 ,6975 ,7486 ,7400 ,7132 ,6731 ,5839 ,4979 ,3955 ,1104 ,6783 ,1 ,0 ,104
RS,Serbia,7221 ,7358 ,5778 ,6833 ,7519 ,7654 ,7935 ,7988 ,7777 ,7194 ,88361 ,82 ,1 ,0 ,105
NI,Nicaragua,6948 ,6756 ,9095 ,7689 ,6299 ,5856 ,5123 ,4228 ,3303 ,2445 ,130373 ,53 ,1 ,0 ,106
LY,Libya,6812 ,6654 ,8540 ,7395 ,6192 ,6492 ,5155 ,4237 ,2963 ,1909 ,1759540 ,4 ,1 ,0 ,107
BG,Bulgaria,6782 ,6979 ,5187 ,6290 ,7309 ,7592 ,8098 ,8768 ,8981 ,8583 ,110879 ,61 ,1 ,0 ,108
PY,Paraguay,6781 ,6619 ,8591 ,7425 ,6178 ,5769 ,5124 ,4059 ,3079 ,2409 ,406752 ,17 ,1 ,0 ,109
KG,Kyrgyzstan,6631 ,6425 ,9427 ,7435 ,5915 ,5484 ,4935 ,4395 ,3691 ,3016 ,199951 ,33 ,1 ,0 ,110
TM,Turkmenistan,6431 ,6250 ,8264 ,7035 ,5766 ,5268 ,4569 ,3720 ,2863 ,2201 ,488100 ,13 ,1 ,0 ,111
SV,El Salvador,6336 ,6293 ,6637 ,6554 ,6231 ,6114 ,5958 ,5367 ,4509 ,3619 ,21041 ,301 ,1 ,0 ,112
SG,Singapore,5976 ,5910 ,6337 ,6252 ,5650 ,5164 ,4054 ,3022 ,2401 ,2062 ,710 ,8416 ,1 ,0 ,113
CG,Republic of the Congo,5970 ,5702 ,10379 ,7115 ,5064 ,4438 ,3134 ,2385 ,1829 ,1397 ,342000 ,17 ,1 ,0 ,114
DK,Denmark,5882 ,5826 ,6445 ,6104 ,5678 ,5551 ,5341 ,5145 ,5125 ,4923 ,43094 ,136 ,1 ,0 ,115
SK,Slovakia,5643 ,5457 ,5187 ,5555 ,5424 ,5396 ,5377 ,5261 ,4974 ,4523 ,49037 ,115 ,1 ,0 ,116
CF,Central African Republic,5579 ,5343 ,11533 ,7104 ,4819 ,4660 ,3759 ,2809 ,2415 ,2067 ,622984 ,9 ,1 ,0 ,117
FI,Finland,5541 ,5529 ,5461 ,5565 ,5479 ,5363 ,5176 ,4987 ,4779 ,4607 ,338424 ,16 ,1 ,0 ,118
LB,Lebanon,5490 ,5663 ,4938 ,4714 ,6399 ,4996 ,4321 ,3594 ,2964 ,2382 ,10452 ,525 ,1 ,0 ,119
NO,Norway,5434 ,5380 ,6368 ,5748 ,5190 ,4890 ,4491 ,4242 ,4086 ,3876 ,323802 ,17 ,1 ,0 ,120
LR,Liberia,5303 ,5088 ,8891 ,6282 ,4612 ,4020 ,2895 ,2210 ,1932 ,1464 ,111369 ,48 ,1 ,0 ,121
PS,Palestine,5250 ,5019 ,8862 ,6257 ,4485 ,3992 ,3140 ,2125 ,1454 ,1118 ,6220 ,844 ,1 ,0 ,122
NZ,New Zealand,5185 ,5061 ,5949 ,5496 ,4591 ,4346 ,3855 ,3397 ,3147 ,2824 ,270467 ,19 ,1 ,0 ,123
CR,Costa Rica,5181 ,5123 ,5703 ,5432 ,4895 ,4622 ,3979 ,3158 ,2414 ,1856 ,51100 ,101 ,1 ,0 ,124
IE,Ireland,5023 ,4946 ,5725 ,5267 ,4666 ,4525 ,3769 ,3485 ,3391 ,2938 ,70273 ,71 ,1 ,0 ,125
MR,Mauritania,4736 ,4499 ,8915 ,5831 ,3946 ,3419 ,2695 ,2006 ,1507 ,1122 ,1030700 ,5 ,1 ,0 ,126
OM,Oman,4576 ,4543 ,6329 ,5093 ,4192 ,2882 ,2344 ,1805 ,1017 ,671 ,309500 ,15 ,1 ,0 ,127
PA,Panama,4409 ,4294 ,5736 ,4864 ,3957 ,3624 ,3002 ,2450 ,1957 ,1516 ,75417 ,58 ,1 ,0 ,128
KW,Kuwait,4269 ,4360 ,5155 ,4565 ,3909 ,2943 ,1935 ,1675 ,1494 ,803 ,17818 ,240 ,1 ,0 ,129
HR,Croatia,4030 ,4097 ,3333 ,3850 ,4255 ,4369 ,4548 ,4874 ,4680 ,4493 ,56594 ,71 ,1 ,0 ,130
GE,Georgia,3744 ,3766 ,3385 ,3657 ,3771 ,3837 ,4265 ,5392 ,5146 ,4800 ,69700 ,54 ,1 ,0 ,131
ER,Eritrea,3684 ,3556 ,5964 ,4283 ,3340 ,3148 ,2393 ,2150 ,1658 ,1273 ,117600 ,31 ,1 ,0 ,132
UY,Uruguay,3423 ,3429 ,3337 ,3423 ,3403 ,3353 ,3292 ,3117 ,2954 ,2790 ,181034 ,19 ,1 ,0 ,133
MN,Mongolia,3398 ,3294 ,4519 ,3736 ,2965 ,2703 ,2451 ,2161 ,1698 ,1294 ,1564110 ,2 ,1 ,0 ,134
MD,Moldova,3273 ,3085 ,2998 ,3175 ,3277 ,3678 ,4252 ,4480 ,4103 ,3711 ,33846 ,97 ,1 ,0 ,135
PR,Puerto Rico,3252 ,3272 ,2728 ,3260 ,3497 ,3718 ,3827 ,3544 ,3215 ,2738 ,8870 ,367 ,1 ,0 ,136
BA,Bosnia and Herzegovina,3234 ,3318 ,2739 ,3112 ,3524 ,3811 ,4179 ,4494 ,4200 ,3816 ,51209 ,63 ,1 ,0 ,137
AL,Albania,2842 ,2867 ,2456 ,2790 ,2882 ,2913 ,3182 ,3295 ,2942 ,2325 ,28748 ,99 ,1 ,0 ,138
JM,Jamaica,2827 ,2820 ,2494 ,2804 ,2794 ,2734 ,2612 ,2392 ,2136 ,1859 ,10991 ,257 ,1 ,0 ,139
AM,Armenia,2780 ,2806 ,2573 ,2760 ,2879 ,2946 ,3169 ,3557 ,3135 ,2534 ,29743 ,93 ,1 ,0 ,140
LT,Lithuania,2750 ,2820 ,2188 ,2559 ,2964 ,3139 ,3600 ,3786 ,3521 ,3210 ,65300 ,42 ,1 ,0 ,141
GM,Gambia,2706 ,2574 ,4674 ,3264 ,2253 ,1937 ,1438 ,1041 ,719 ,529 ,10689 ,253 ,1 ,0 ,142
QA,Qatar,2695 ,2760 ,3358 ,2855 ,2415 ,1714 ,646 ,442 ,277 ,118 ,11586 ,233 ,1 ,0 ,143
BW,Botswana,2630 ,2546 ,3679 ,2972 ,2305 ,2092 ,1727 ,1341 ,939 ,592 ,582000 ,5 ,1 ,0 ,144
NA,Namibia,2567 ,2489 ,3780 ,2910 ,2283 ,2099 ,1819 ,1369 ,976 ,754 ,825615 ,3 ,1 ,0 ,145
GA,Gabon,2389 ,2293 ,3757 ,2775 ,2029 ,1711 ,1273 ,983 ,749 ,597 ,267668 ,9 ,1 ,0 ,146
LS,Lesotho,2306 ,2254 ,2898 ,2502 ,2119 ,2023 ,1999 ,1799 ,1408 ,1023 ,30355 ,76 ,1 ,0 ,147
SI,Slovenia,2120 ,2118 ,2003 ,2106 ,2081 ,2057 ,1984 ,1986 ,1902 ,1741 ,20273 ,105 ,1 ,0 ,148
GW,Guinea-Bissau,2106 ,2016 ,3445 ,2485 ,1789 ,1567 ,1231 ,974 ,831 ,592 ,36125 ,58 ,1 ,0 ,149
MK,North Macedonia,2094 ,2111 ,1909 ,2072 ,2108 ,2094 ,2038 ,2044 ,1907 ,1657 ,25713 ,81 ,1 ,0 ,150
LV,Latvia,1851 ,1897 ,1434 ,1701 ,1992 ,2102 ,2393 ,2689 ,2572 ,2397 ,64559 ,29 ,1 ,0 ,151
GQ,Equatorial Guinea,1675 ,1596 ,2791 ,2000 ,1347 ,1095 ,685 ,466 ,283 ,317 ,28051 ,60 ,1 ,0 ,152
TT,Trinidad and Tobago,1531 ,1518 ,1485 ,1548 ,1460 ,1410 ,1332 ,1267 ,1128 ,989 ,5130 ,298 ,1 ,0 ,153
BH,Bahrain,1472 ,1477 ,1809 ,1575 ,1362 ,1214 ,711 ,517 ,363 ,223 ,765 ,1924 ,1 ,0 ,154
TL,Timor-Leste,1341 ,1300 ,1807 ,1495 ,1206 ,1088 ,878 ,758 ,642 ,554 ,14874 ,90 ,1 ,0 ,155
EE,Estonia,1326 ,1329 ,1172 ,1289 ,1315 ,1332 ,1397 ,1571 ,1477 ,1362 ,45227 ,29 ,1 ,0 ,156
MU,Mauritius,1299 ,1298 ,1226 ,1305 ,1293 ,1283 ,1216 ,1090 ,955 ,830 ,2040 ,637 ,1 ,0 ,157
CY,Cyprus,1251 ,1238 ,1392 ,1312 ,1187 ,1130 ,948 ,789 ,679 ,641 ,9251 ,135 ,1 ,0 ,158
SZ,Eswatini,1202 ,1181 ,1655 ,1306 ,1134 ,1100 ,1030 ,854 ,599 ,443 ,17364 ,69 ,1 ,0 ,159
DJ,Djibouti,1121 ,1090 ,1503 ,1247 ,1006 ,919 ,742 ,577 ,324 ,144 ,23200 ,48 ,1 ,0 ,160
RE,Reunion,974 ,958 ,1127 ,1032 ,922 ,890 ,785 ,659 ,552 ,474 ,2511 ,388 ,1 ,0 ,161
FJ,Fiji,930 ,920 ,1094 ,986 ,917 ,905 ,833 ,780 ,645 ,528 ,18272 ,51 ,1 ,0 ,162
KM,Comoros,837 ,806 ,1246 ,959 ,730 ,656 ,537 ,431 ,328 ,242 ,1862 ,449 ,1 ,0 ,163
GY,Guyana,809 ,797 ,879 ,848 ,755 ,748 ,759 ,747 ,778 ,705 ,214969 ,4 ,1 ,0 ,164
BT,Bhutan,782 ,773 ,874 ,821 ,743 ,706 ,587 ,558 ,415 ,299 ,38394 ,20 ,1 ,0 ,165
SB,Solomon Islands,724 ,691 ,1225 ,856 ,613 ,540 ,430 ,324 ,234 ,173 ,28896 ,25 ,1 ,0 ,166
MO,Macau,695 ,676 ,882 ,763 ,615 ,557 ,432 ,350 ,245 ,247 ,30 ,23172 ,1 ,0 ,167
LU,Luxembourg,648 ,630 ,782 ,697 ,569 ,507 ,436 ,381 ,364 ,339 ,2586 ,250 ,1 ,0 ,168
ME,Montenegro,627 ,629 ,586 ,622 ,634 ,631 ,633 ,621 ,589 ,530 ,13812 ,45 ,1 ,0 ,169
SR,Suriname,618 ,607 ,726 ,660 ,575 ,546 ,479 ,413 ,375 ,380 ,163820 ,4 ,1 ,0 ,170
CV,Cape Verde,593 ,583 ,727 ,639 ,552 ,521 ,458 ,365 ,317 ,287 ,4033 ,147 ,1 ,0 ,171
EH,Western Sahara,576 ,556 ,851 ,663 ,492 ,413 ,270 ,179 ,117 ,76 ,266000 ,2 ,1 ,0 ,172
MT,Malta,533 ,515 ,523 ,543 ,457 ,419 ,399 ,365 ,334 ,315 ,316 ,1688 ,1 ,0 ,173
MV,Maldives,524 ,514 ,570 ,513 ,436 ,362 ,283 ,225 ,165 ,123 ,300 ,1746 ,1 ,0 ,174
BN,Brunei,449 ,442 ,498 ,473 ,421 ,396 ,334 ,262 ,188 ,133 ,5765 ,78 ,1 ,0 ,175
BS,Bahamas,410 ,406 ,451 ,430 ,393 ,373 ,325 ,271 ,224 ,179 ,13943 ,29 ,1 ,0 ,176
BZ,Belize,405 ,395 ,539 ,450 ,360 ,322 ,240 ,183 ,145 ,121 ,22966 ,18 ,1 ,0 ,177
GP,Guadeloupe,396 ,396 ,389 ,400 ,399 ,403 ,424 ,392 ,334 ,318 ,1628 ,243 ,1 ,0 ,178
IS,Iceland,373 ,367 ,409 ,390 ,331 ,318 ,281 ,255 ,228 ,204 ,103000 ,4 ,1 ,0 ,179
MQ,Martinique,368 ,370 ,330 ,362 ,384 ,392 ,433 ,374 ,334 ,326 ,1128 ,326 ,1 ,0 ,180
VU,Vanuatu,327 ,312 ,579 ,391 ,276 ,245 ,192 ,151 ,118 ,87 ,12189 ,27 ,1 ,0 ,181
YT,Mayotte,326 ,306 ,664 ,408 ,250 ,212 ,159 ,93 ,52 ,35 ,374 ,872 ,1 ,0 ,182
PF,French Polynesia,306 ,302 ,347 ,325 ,292 ,284 ,251 ,211 ,164 ,118 ,4167 ,74 ,1 ,0 ,183
GF,French Guiana,305 ,291 ,532 ,367 ,257 ,228 ,164 ,114 ,67 ,46 ,83534 ,4 ,1 ,0 ,184
NC,New Caledonia,290 ,286 ,353 ,313 ,283 ,261 ,222 ,177 ,149 ,111 ,18575 ,16 ,1 ,0 ,185
BB,Barbados,282 ,281 ,268 ,283 ,278 ,275 ,265 ,259 ,254 ,241 ,430 ,655 ,1 ,0 ,186
ST,Sao Tome and Principe,227 ,219 ,367 ,265 ,201 ,182 ,144 ,120 ,97 ,78 ,964 ,236 ,1 ,0 ,187
WS,Samoa,222 ,215 ,320 ,249 ,204 ,195 ,184 ,168 ,165 ,143 ,2842 ,78 ,1 ,0 ,188
CW,Curacao,191 ,189 ,204 ,198 ,170 ,159 ,141 ,155 ,157 ,150 ,444 ,431 ,1 ,0 ,189
LC,Saint Lucia,180 ,179 ,178 ,183 ,176 ,171 ,160 ,142 ,122 ,103 ,616 ,292 ,1 ,0 ,190
GU,Guam,172 ,169 ,196 ,181 ,168 ,165 ,160 ,138 ,110 ,88 ,549 ,313 ,1 ,0 ,191
KI,Kiribati,131 ,126 ,189 ,149 ,117 ,108 ,89 ,75 ,61 ,57 ,811 ,162 ,1 ,0 ,192
GD,Grenada,125 ,124 ,136 ,130 ,119 ,114 ,107 ,99 ,95 ,99 ,344 ,365 ,1 ,0 ,193
FM,Micronesia,114 ,112 ,135 ,123 ,109 ,108 ,112 ,99 ,76 ,59 ,702 ,163 ,1 ,0 ,194
JE,Jersey,111 ,108 ,135 ,119 ,101 ,96 ,86 ,83 ,75 ,68 ,116 ,955 ,1 ,0 ,195
SC,Seychelles,107 ,106 ,117 ,111 ,99 ,92 ,80 ,71 ,65 ,54 ,452 ,237 ,1 ,0 ,196
TO,Tonga,107 ,105 ,131 ,114 ,106 ,107 ,103 ,99 ,97 ,86 ,747 ,143 ,1 ,0 ,197
AW,Aruba,106 ,107 ,94 ,105 ,104 ,100 ,89 ,66 ,62 ,59 ,180 ,591 ,1 ,0 ,198
VC,Saint Vincent and the Grenadines,104 ,105 ,102 ,104 ,106 ,109 ,114 ,112 ,107 ,98 ,389 ,267 ,1 ,0 ,199
VI,United States Virgin Islands,99 ,100 ,78 ,93 ,103 ,106 ,108 ,101 ,97 ,63 ,347 ,287 ,1 ,0 ,200
AG,Antigua and Barbuda,94 ,93 ,99 ,98 ,90 ,86 ,75 ,63 ,65 ,65 ,442 ,212 ,1 ,0 ,201
IM,Isle of Man,85 ,84 ,87 ,86 ,84 ,84 ,76 ,69 ,64 ,55 ,572 ,148 ,1 ,0 ,202
AD,Andorra,80 ,78 ,81 ,82 ,72 ,72 ,66 ,54 ,36 ,20 ,468 ,171 ,1 ,0 ,203
DM,Dominica,73 ,72 ,74 ,75 ,70 ,69 ,68 ,69 ,73 ,69 ,751 ,97 ,1 ,0 ,204
KY,Cayman Islands,69 ,67 ,78 ,73 ,61 ,54 ,40 ,26 ,17 ,11 ,264 ,260 ,1 ,0 ,205
BM,Bermuda,64 ,64 ,56 ,63 ,63 ,63 ,61 ,57 ,54 ,52 ,54 ,1189 ,1 ,0 ,206
GG,Guernsey,63 ,63 ,66 ,65 ,62 ,61 ,59 ,58 ,53 ,53 ,78 ,812 ,1 ,0 ,207
GL,Greenland,56 ,56 ,54 ,57 ,56 ,56 ,56 ,56 ,50 ,45 ,2166086 ,0 ,1 ,0 ,208
FO,Faroe Islands,53 ,52 ,59 ,55 ,49 ,48 ,46 ,47 ,43 ,38 ,1393 ,38 ,1 ,0 ,209
MP,Northern Mariana Islands,50 ,50 ,50 ,51 ,52 ,54 ,80 ,48 ,18 ,10 ,464 ,107 ,1 ,0 ,210
KN,Saint Kitts and Nevis,48 ,48 ,47 ,48 ,48 ,47 ,45 ,41 ,43 ,45 ,261 ,183 ,1 ,0 ,211
TC,Turks and Caicos Islands,46 ,44 ,53 ,49 ,37 ,30 ,19 ,12 ,8 ,6 ,948 ,48 ,1 ,0 ,212
AS,American Samoa,44 ,46 ,34 ,41 ,51 ,55 ,58 ,48 ,33 ,27 ,199 ,222 ,1 ,0 ,213
SX,Sint Maarten,44 ,44 ,39 ,45 ,40 ,33 ,30 ,28 ,12 ,6 ,34 ,1299 ,1 ,0 ,214
MH,Marshall Islands,42 ,43 ,51 ,45 ,49 ,53 ,54 ,46 ,32 ,24 ,181 ,230 ,1 ,0 ,215
LI,Liechtenstein,39 ,39 ,42 ,41 ,37 ,36 ,33 ,29 ,25 ,21 ,160 ,246 ,1 ,0 ,216
MC,Monaco,36 ,37 ,38 ,36 ,37 ,33 ,32 ,30 ,27 ,24 ,2 ,18235 ,1 ,0 ,217
SM,San Marino,34 ,34 ,32 ,33 ,34 ,32 ,27 ,23 ,21 ,18 ,61 ,552 ,1 ,0 ,218
GI,Gibraltar,33 ,33 ,31 ,33 ,33 ,31 ,28 ,27 ,29 ,27 ,6 ,5442 ,1 ,0 ,219
MF,Saint Martin,32 ,33 ,35 ,34 ,35 ,36 ,30 ,28 ,8 ,6 ,53 ,600 ,1 ,0 ,220
VG,British Virgin Islands,31 ,31 ,35 ,33 ,29 ,28 ,20 ,16 ,11 ,10 ,151 ,207 ,1 ,0 ,221
PW,Palau,18 ,18 ,17 ,18 ,18 ,19 ,20 ,15 ,12 ,11 ,459 ,39 ,1 ,0 ,222
CK,Cook Islands,17 ,17 ,18 ,17 ,18 ,17 ,16 ,17 ,18 ,20 ,236 ,72 ,1 ,0 ,223
AI,Anguilla,16 ,16 ,15 ,16 ,15 ,13 ,11 ,8 ,7 ,6 ,91 ,174 ,1 ,0 ,224
NR,Nauru,13 ,12 ,15 ,13 ,11 ,10 ,10 ,10 ,8 ,7 ,21 ,603 ,1 ,0 ,225
WF,Wallis and Futuna,12 ,12 ,11 ,11 ,12 ,13 ,15 ,13 ,11 ,9 ,142 ,81 ,1 ,0 ,226
TV,Tuvalu,11 ,11 ,13 ,12 ,11 ,11 ,10 ,9 ,8 ,6 ,26 ,435 ,1 ,0 ,227
BL,Saint Barthelemy,11 ,11 ,10 ,11 ,10 ,9 ,7 ,5 ,3 ,2 ,21 ,522 ,1 ,0 ,228
PM,Saint Pierre and Miquelon,6 ,6 ,5 ,6 ,6 ,6 ,6 ,6 ,6 ,6 ,242 ,24 ,1 ,0 ,229
MS,Montserrat,4 ,5 ,4 ,4 ,5 ,5 ,5 ,11 ,11 ,11 ,102 ,43 ,1 ,0 ,230
FK,Falkland Islands,4 ,4 ,4 ,4 ,3 ,3 ,3 ,2 ,2 ,2 ,12173 ,0 ,1 ,0 ,231
NU,Niue,2 ,2 ,2 ,2 ,2 ,2 ,2 ,3 ,4 ,5 ,260 ,7 ,1 ,0 ,232
TK,Tokelau,2 ,2 ,2 ,2 ,1 ,1 ,2 ,2 ,2 ,2 ,12 ,156 ,1 ,0 ,233
VA,Vatican City,1 ,1 ,1 ,1 ,1 ,1 ,1 ,1 ,1 ,1 ,1 ,510 ,1 ,0 ,234
,,,,,,,,,,,,,,,,
